Qol/Row;0;1;2;3;4;5;6;7;8;9;10;11;12;13;14;15;16;17;18;19;20;21;22;23;24;25;26;27;28;29;30;31;32;33;34;35;36;37;38;39;40;41;42;43;44;45;46;47;48;49;50;51;52;53;54;55;56;57;58;59;60;61;62;63;64
0;ocean;ocean;ocean;ocean;ocean;ocean;ocean;ocean;ocean;ocean;ocean;ocean;ocean;ocean;ocean;ocean;ocean;ocean;ocean;ocean;ocean;ocean;ocean;ocean;ocean;ocean;ocean;ocean;ocean;ocean;ocean;ocean;ocean;ocean;ocean;ocean;ocean;ocean;ocean;ocean;ocean;ocean;ocean;ocean;ocean;ocean;ocean;ocean;ocean;ocean;ocean;ocean;ocean;ocean;ocean;ocean;ocean;ocean;ocean;ocean;ocean;ocean;ocean;ocean;ocean
1;ocean;ocean;ocean;ocean;ocean;ocean;ocean;ocean;ocean;ocean;ocean;ocean;ocean;ocean;ocean;ocean;ocean;ocean;ocean;ocean;ocean;ocean;ocean;ocean;ocean;ocean;ocean;ocean;ocean;ocean;ocean;ocean;ocean;ocean;ocean;ocean;ocean;ocean;ocean;ocean;c_grassland;c_grassland;ocean;ocean;ocean;ocean;ocean;ocean;ocean;ocean;ocean;ocean;ocean;ocean;ocean;ocean;ocean;ocean;ocean;ocean;ocean;ocean;ocean;ocean;ocean
2;ocean;ocean;ocean;ocean;ocean;ocean;ocean;ocean;ocean;ocean;ocean;ocean;ocean;ocean;ocean;ocean;ocean;ocean;ocean;ocean;ocean;ocean;ocean;ocean;ocean;ocean;ocean;ocean;ocean;ocean;ocean;ocean;ocean;ocean;ocean;ocean;ocean;ocean;ocean;ocean;c_jungle;c_jungle;c_grassland;c_grassland;ocean;ocean;ocean;ocean;ocean;ocean;ocean;ocean;ocean;ocean;ocean;ocean;ocean;ocean;ocean;ocean;ocean;ocean;ocean;ocean;ocean
3;ocean;ocean;ocean;ocean;ocean;ocean;ocean;ocean;ocean;ocean;ocean;ocean;ocean;ocean;ocean;ocean;ocean;ocean;ocean;ocean;ocean;ocean;ocean;ocean;ocean;ocean;ocean;ocean;ocean;ocean;ocean;ocean;ocean;ocean;ocean;ocean;ocean;ocean;ocean;c_grassland;jungle;jungle;jungle;c_grassland;c_grassland;ocean;ocean;ocean;ocean;ocean;ocean;ocean;ocean;ocean;ocean;ocean;ocean;ocean;ocean;ocean;ocean;ocean;ocean;ocean;ocean
4;ocean;ocean;ocean;ocean;ocean;ocean;ocean;ocean;ocean;ocean;ocean;ocean;ocean;ocean;ocean;ocean;ocean;ocean;ocean;ocean;ocean;ocean;ocean;ocean;ocean;ocean;ocean;ocean;ocean;c_desert;c_desert;c_desert;ocean;ocean;ocean;ocean;ocean;ocean;ocean;c_grassland;grassland;jungle;jungle;jungle;jungle;c_grassland;ocean;ocean;ocean;ocean;ocean;ocean;ocean;ocean;ocean;ocean;ocean;ocean;c_mountain;c_mountain;c_mountain;c_mountain;c_mountain;c_mountain;ocean
5;ocean;ocean;ocean;ocean;ocean;ocean;ocean;ocean;ocean;ocean;ocean;ocean;ocean;ocean;ocean;ocean;ocean;ocean;ocean;ocean;ocean;ocean;ocean;ocean;ocean;ocean;ocean;ocean;c_desert;desert;desert;c_desert;ocean;ocean;ocean;ocean;ocean;ocean;c_grassland;c_grassland;jungle;jungle;jungle;jungle;c_grassland;ocean;ocean;ocean;ocean;ocean;ocean;ocean;ocean;ocean;ocean;ocean;ocean;c_mountain;mountain;grassland;mountain;mountain;c_mountain;ocean;ocean
6;ocean;ocean;ocean;ocean;ocean;ocean;ocean;ocean;ocean;ocean;ocean;ocean;ocean;ocean;ocean;ocean;ocean;ocean;ocean;ocean;ocean;ocean;ocean;ocean;ocean;ocean;ocean;ocean;c_desert;desert;desert;desert;c_desert;ocean;ocean;c_steppe;c_steppe;ocean;c_steppe;grassland;grassland;jungle;jungle;jungle;jungle;c_grassland;ocean;ocean;ocean;ocean;ocean;ocean;ocean;ocean;ocean;ocean;c_grassland;c_grassland;grassland;grassland;grassland;c_grassland;c_grassland;c_grassland;ocean
7;ocean;ocean;ocean;ocean;ocean;ocean;ocean;ocean;ocean;ocean;ocean;ocean;ocean;ocean;ocean;ocean;ocean;ocean;ocean;ocean;ocean;ocean;ocean;ocean;ocean;ocean;ocean;c_desert;desert;desert;desert;desert;c_desert;ocean;c_steppe;steppe;c_steppe;c_steppe;steppe;grassland;grassland;jungle;jungle;jungle;jungle;c_grassland;ocean;ocean;ocean;ocean;ocean;ocean;ocean;ocean;ocean;ocean;ocean;c_grassland;c_grassland;grassland;c_grassland;c_grassland;c_grassland;ocean;ocean
8;ocean;ocean;ocean;ocean;ocean;ocean;ocean;ocean;ocean;ocean;ocean;ocean;ocean;ocean;ocean;ocean;ocean;ocean;c_steppe;c_steppe;c_steppe;ocean;ocean;ocean;ocean;ocean;c_desert;ocean;c_desert;desert;desert;desert;desert;c_desert;ocean;c_steppe;steppe;steppe;steppe;steppe;grassland;grassland;grassland;swamp;grassland;jungle;c_grassland;ocean;ocean;ocean;ocean;ocean;ocean;ocean;c_grassland;ocean;ocean;ocean;ocean;c_grassland;c_grassland;c_grassland;grassland;ocean;ocean
9;ocean;ocean;ocean;ocean;ocean;ocean;ocean;ocean;ocean;ocean;ocean;ocean;ocean;ocean;ocean;ocean;ocean;c_steppe;steppe;steppe;c_steppe;ocean;ocean;ocean;ocean;c_desert;c_desert;c_desert;desert;desert;grassland;grassland;desert;c_desert;c_desert;c_steppe;steppe;steppe;forest;steppe;grassland;swamp;swamp;swamp;grassland;jungle;c_jungle;ocean;ocean;c_forest;ocean;ocean;c_grassland;c_grassland;c_grassland;c_grassland;ocean;ocean;ocean;ocean;ocean;c_grassland;c_grassland;ocean;ocean
10;ocean;ocean;ocean;ocean;ocean;ocean;ocean;ocean;ocean;ocean;ocean;ocean;ocean;ocean;ocean;ocean;ocean;ocean;c_steppe;c_steppe;steppe;c_steppe;ocean;c_grassland;c_grassland;c_grassland;desert;desert;desert;desert;grassland;grassland;grassland;grassland;desert;c_desert;c_steppe;steppe;forest;steppe;steppe;grassland;swamp;swamp;swamp;grassland;jungle;c_grassland;c_grassland;c_forest;c_forest;ocean;c_grassland;grassland;grassland;c_grassland;c_grassland;ocean;ocean;ocean;ocean;c_grassland;c_grassland;ocean;ocean
11;ocean;ocean;ocean;ocean;ocean;ocean;ocean;ocean;ocean;ocean;c_grassland;c_grassland;c_grassland;ocean;ocean;ocean;ocean;ocean;ocean;c_steppe;steppe;c_grassland;c_grassland;grassland;grassland;grassland;desert;desert;desert;grassland;grassland;grassland;grassland;grassland;c_grassland;c_steppe;steppe;forest;forest;steppe;grassland;swamp;swamp;swamp;swamp;grassland;c_grassland;c_grassland;grassland;c_forest;ocean;ocean;c_grassland;c_grassland;c_grassland;ocean;ocean;ocean;ocean;ocean;c_grassland;grassland;grassland;ocean;ocean
12;ocean;ocean;ocean;ocean;ocean;ocean;ocean;ocean;ocean;ocean;c_grassland;grassland;grassland;c_grassland;ocean;ocean;ocean;ocean;ocean;ocean;c_grassland;grassland;c_grassland;c_grassland;grassland;grassland;desert;desert;grassland;grassland;grassland;grassland;grassland;grassland;c_grassland;c_grassland;steppe;steppe;forest;forest;steppe;grassland;swamp;c_swamp;c_swamp;c_swamp;c_grassland;c_grassland;c_grassland;grassland;ocean;ocean;ocean;ocean;c_grassland;c_grassland;ocean;ocean;ocean;ocean;c_grassland;grassland;grassland;ocean;ocean
13;ocean;ocean;ocean;ocean;ocean;ocean;ocean;ocean;ocean;ocean;c_grassland;grassland;grassland;c_grassland;ocean;ocean;ocean;ocean;ocean;c_grassland;c_grassland;c_grassland;c_grassland;grassland;mountain;grassland;desert;grassland;grassland;grassland;grassland;grassland;grassland;grassland;grassland;steppe;steppe;forest;steppe;steppe;grassland;grassland;c_swamp;ocean;ocean;c_grassland;c_grassland;grassland;grassland;c_grassland;ocean;maelstrom;maelstrom;ocean;ocean;ocean;ocean;ocean;ocean;c_grassland;grassland;grassland;c_grassland;ocean;ocean
14;ocean;ocean;ocean;ocean;ocean;ocean;ocean;ocean;ocean;ocean;c_grassland;grassland;grassland;grassland;c_forest;c_forest;ocean;ocean;ocean;c_grassland;grassland;grassland;c_grassland;grassland;mountain;grassland;grassland;grassland;grassland;grassland;grassland;grassland;grassland;grassland;steppe;steppe;steppe;forest;steppe;steppe;grassland;grassland;swamp;c_swamp;ocean;c_grassland;grassland;grassland;grassland;c_grassland;ocean;maelstrom;maelstrom;maelstrom;maelstrom;maelstrom;maelstrom;maelstrom;maelstrom;ocean;c_grassland;c_grassland;c_grassland;ocean;ocean
15;ocean;ocean;ocean;ocean;ocean;ocean;ocean;ocean;ocean;ocean;c_grassland;grassland;grassland;forest;forest;c_forest;ocean;ocean;c_grassland;grassland;grassland;grassland;grassland;mountain;grassland;grassland;grassland;grassland;grassland;grassland;grassland;grassland;steppe;steppe;steppe;steppe;steppe;steppe;steppe;steppe;steppe;grassland;c_grassland;c_grassland;c_grassland;c_grassland;grassland;grassland;c_grassland;ocean;maelstrom;maelstrom;maelstrom;maelstrom;maelstrom;maelstrom;maelstrom;maelstrom;maelstrom;c_grassland;c_grassland;c_grassland;c_grassland;ocean;ocean
16;ocean;ocean;ocean;ocean;ocean;ocean;ocean;ocean;ocean;ocean;ocean;c_grassland;grassland;grassland;grassland;forest;c_forest;ocean;ocean;c_grassland;grassland;grassland;grassland;mountain;grassland;grassland;grassland;grassland;grassland;grassland;grassland;grassland;steppe;steppe;steppe;steppe;steppe;steppe;steppe;steppe;steppe;grassland;c_grassland;c_grassland;grassland;grassland;grassland;c_grassland;c_grassland;ocean;maelstrom;maelstrom;maelstrom;maelstrom;maelstrom;maelstrom;maelstrom;maelstrom;maelstrom;maelstrom;c_grassland;grassland;c_grassland;ocean;ocean
17;ocean;ocean;ocean;ocean;ocean;ocean;ocean;ocean;ocean;ocean;ocean;c_grassland;grassland;grassland;forest;forest;c_forest;ocean;c_grassland;grassland;grassland;grassland;grassland;grassland;grassland;grassland;grassland;grassland;grassland;grassland;grassland;grassland;steppe;steppe;steppe;steppe;steppe;steppe;steppe;steppe;steppe;c_grassland;c_grassland;grassland;grassland;grassland;c_grassland;ocean;ocean;maelstrom;maelstrom;maelstrom;maelstrom;maelstrom;maelstrom;maelstrom;maelstrom;maelstrom;maelstrom;c_grassland;c_grassland;c_grassland;c_grassland;ocean;ocean
18;ocean;ocean;ocean;ocean;ocean;ocean;ocean;ocean;ocean;ocean;ocean;c_grassland;grassland;grassland;grassland;forest;forest;c_forest;ocean;c_grassland;c_grassland;grassland;grassland;grassland;grassland;grassland;grassland;grassland;grassland;grassland;grassland;grassland;forest;steppe;steppe;steppe;steppe;steppe;steppe;steppe;steppe;grassland;grassland;forest;forest;grassland;grassland;c_grassland;ocean;maelstrom;maelstrom;maelstrom;maelstrom;maelstrom;maelstrom;maelstrom;maelstrom;maelstrom;maelstrom;maelstrom;c_grassland;c_grassland;ocean;ocean;ocean
19;ocean;ocean;ocean;ocean;ocean;c_mountain;c_mountain;c_mountain;ocean;ocean;c_grassland;grassland;grassland;grassland;grassland;forest;forest;c_forest;ocean;c_grassland;grassland;grassland;grassland;grassland;grassland;grassland;grassland;grassland;grassland;grassland;grassland;forest;steppe;steppe;steppe;steppe;steppe;steppe;steppe;steppe;steppe;steppe;mountain;forest;grassland;c_grassland;c_grassland;ocean;maelstrom;maelstrom;maelstrom;maelstrom;maelstrom;maelstrom;maelstrom;maelstrom;maelstrom;maelstrom;maelstrom;ocean;ocean;ocean;ocean;c_forest;ocean
20;ocean;ocean;ocean;ocean;c_mountain;mountain;c_mountain;mountain;c_mountain;ocean;c_grassland;grassland;grassland;grassland;grassland;grassland;forest;forest;c_forest;ocean;c_grassland;grassland;grassland;grassland;grassland;grassland;grassland;grassland;grassland;grassland;grassland;grassland;steppe;steppe;steppe;steppe;steppe;steppe;steppe;steppe;steppe;steppe;mountain;mountain;grassland;c_grassland;c_grassland;c_grassland;ocean;maelstrom;maelstrom;maelstrom;maelstrom;maelstrom;maelstrom;maelstrom;maelstrom;maelstrom;maelstrom;ocean;ocean;ocean;c_forest;c_forest;c_forest
21;ocean;ocean;ocean;c_mountain;mountain;mountain;mountain;mountain;c_mountain;ocean;c_grassland;grassland;grassland;grassland;grassland;grassland;forest;steppe;c_steppe;c_grassland;grassland;grassland;grassland;grassland;grassland;grassland;grassland;grassland;grassland;forest;grassland;steppe;steppe;steppe;steppe;steppe;steppe;steppe;steppe;steppe;steppe;steppe;steppe;grassland;c_grassland;c_grassland;c_grassland;ocean;ocean;maelstrom;maelstrom;maelstrom;maelstrom;maelstrom;maelstrom;maelstrom;maelstrom;ocean;ocean;ocean;ocean;ocean;c_forest;c_forest;ocean
22;ocean;ocean;ocean;c_mountain;mountain;mountain;mountain;mountain;mountain;c_mountain;c_grassland;grassland;grassland;grassland;grassland;grassland;grassland;steppe;c_steppe;ocean;c_grassland;grassland;grassland;grassland;grassland;grassland;grassland;grassland;grassland;grassland;forest;grassland;steppe;steppe;steppe;steppe;steppe;steppe;steppe;steppe;steppe;steppe;steppe;steppe;grassland;grassland;grassland;c_grassland;c_grassland;ocean;maelstrom;maelstrom;maelstrom;maelstrom;maelstrom;maelstrom;ocean;ocean;ocean;ocean;c_grassland;ocean;c_forest;forest;c_forest
23;ocean;c_forest;c_forest;c_mountain;mountain;mountain;mountain;mountain;c_mountain;ocean;c_grassland;c_grassland;c_steppe;steppe;steppe;steppe;steppe;c_steppe;ocean;c_grassland;grassland;grassland;grassland;grassland;grassland;grassland;forest;forest;grassland;forest;grassland;grassland;steppe;steppe;steppe;steppe;steppe;mountain;steppe;steppe;steppe;steppe;steppe;grassland;grassland;grassland;grassland;grassland;c_grassland;ocean;maelstrom;maelstrom;maelstrom;maelstrom;maelstrom;ocean;c_grassland;c_grassland;c_grassland;c_grassland;c_grassland;c_forest;c_forest;c_forest;ocean
24;ocean;c_forest;forest;c_forest;c_grassland;mountain;mountain;mountain;mountain;c_mountain;ocean;ocean;ocean;c_steppe;c_steppe;c_steppe;c_steppe;c_steppe;ocean;ocean;c_grassland;grassland;grassland;grassland;grassland;grassland;grassland;forest;grassland;forest;grassland;grassland;grassland;steppe;grassland;steppe;mountain;mountain;mountain;mountain;steppe;steppe;steppe;steppe;grassland;grassland;grassland;grassland;grassland;c_grassland;ocean;ocean;ocean;ocean;ocean;ocean;c_grassland;grassland;grassland;grassland;c_grassland;c_forest;forest;c_forest;ocean
25;c_forest;forest;forest;grassland;grassland;mountain;c_mountain;c_mountain;c_mountain;ocean;ocean;ocean;c_grassland;c_steppe;c_steppe;c_steppe;c_steppe;c_steppe;ocean;ocean;c_grassland;grassland;grassland;grassland;mountain;grassland;forest;grassland;forest;grassland;grassland;c_grassland;grassland;grassland;mountain;steppe;mountain;mountain;mountain;steppe;steppe;steppe;steppe;grassland;grassland;grassland;grassland;grassland;c_grassland;ocean;ocean;c_grassland;c_grassland;ocean;c_grassland;c_grassland;grassland;grassland;grassland;c_grassland;c_forest;c_forest;c_forest;ocean;ocean
26;c_forest;forest;forest;grassland;forest;c_forest;c_mountain;ocean;ocean;ocean;ocean;c_grassland;c_grassland;grassland;steppe;steppe;steppe;steppe;c_steppe;ocean;ocean;c_grassland;grassland;grassland;mountain;forest;forest;forest;grassland;grassland;c_grassland;c_grassland;c_grassland;c_grassland;c_grassland;mountain;steppe;mountain;mountain;steppe;steppe;steppe;steppe;steppe;steppe;grassland;grassland;grassland;c_grassland;c_forest;ocean;c_grassland;grassland;c_grassland;c_grassland;grassland;grassland;grassland;grassland;grassland;c_grassland;ocean;ocean;ocean;ocean
27;c_forest;forest;forest;forest;c_forest;ocean;c_steppe;c_mountain;ocean;c_forest;c_grassland;grassland;grassland;steppe;steppe;steppe;steppe;c_steppe;ocean;ocean;c_grassland;grassland;grassland;mountain;forest;c_forest;c_forest;forest;grassland;grassland;c_grassland;ocean;ocean;ocean;c_steppe;c_steppe;c_mountain;mountain;mountain;steppe;steppe;c_steppe;steppe;steppe;steppe;c_steppe;steppe;c_forest;c_forest;c_forest;c_forest;forest;forest;forest;grassland;grassland;grassland;grassland;grassland;grassland;c_grassland;ocean;ocean;ocean;ocean
28;ocean;c_forest;forest;c_forest;c_forest;ocean;c_forest;steppe;c_mountain;c_forest;forest;grassland;grassland;steppe;steppe;steppe;steppe;steppe;c_steppe;c_grassland;c_grassland;grassland;grassland;grassland;forest;c_forest;ocean;c_grassland;grassland;grassland;grassland;c_grassland;c_grassland;c_grassland;c_grassland;c_grassland;c_mountain;mountain;mountain;mountain;steppe;c_steppe;c_steppe;c_steppe;c_steppe;ocean;c_steppe;c_steppe;grassland;forest;forest;forest;forest;forest;forest;grassland;grassland;grassland;grassland;grassland;c_grassland;ocean;ocean;ocean;ocean
29;ocean;c_forest;c_forest;ocean;ocean;c_forest;forest;steppe;c_steppe;c_forest;forest;grassland;steppe;steppe;steppe;steppe;steppe;c_grassland;c_grassland;c_grassland;c_grassland;grassland;grassland;grassland;forest;c_forest;ocean;c_grassland;c_grassland;c_grassland;c_grassland;c_grassland;grassland;grassland;grassland;mountain;mountain;mountain;steppe;steppe;steppe;c_steppe;ocean;c_steppe;ocean;ocean;c_steppe;steppe;grassland;grassland;forest;forest;forest;forest;grassland;grassland;c_grassland;c_grassland;grassland;c_grassland;ocean;ocean;ocean;ocean;ocean
30;ocean;ocean;ocean;ocean;ocean;c_forest;c_forest;grassland;c_steppe;c_forest;forest;grassland;c_steppe;c_steppe;c_steppe;steppe;steppe;grassland;c_grassland;c_grassland;c_grassland;c_grassland;c_grassland;c_grassland;grassland;c_forest;c_grassland;ocean;ocean;ocean;ocean;c_grassland;grassland;grassland;grassland;grassland;mountain;steppe;steppe;steppe;steppe;c_steppe;ocean;ocean;ocean;ocean;ocean;c_steppe;steppe;steppe;grassland;forest;forest;grassland;grassland;grassland;grassland;c_grassland;c_grassland;grassland;c_grassland;ocean;ocean;ocean;ocean
31;ocean;ocean;ocean;ocean;ocean;c_forest;c_grassland;c_grassland;c_grassland;grassland;grassland;c_steppe;ocean;ocean;c_grassland;grassland;grassland;c_grassland;ocean;ocean;ocean;ocean;ocean;c_grassland;c_grassland;ocean;c_grassland;c_grassland;ocean;ocean;c_grassland;grassland;grassland;grassland;grassland;mountain;mountain;steppe;steppe;grassland;steppe;c_steppe;ocean;c_steppe;c_steppe;ocean;c_steppe;steppe;steppe;steppe;grassland;grassland;forest;grassland;grassland;grassland;c_grassland;c_grassland;grassland;c_grassland;ocean;ocean;ocean;ocean;ocean
32;ocean;ocean;ocean;ocean;ocean;ocean;ocean;ocean;c_grassland;grassland;forest;steppe;c_steppe;ocean;ocean;c_grassland;c_grassland;c_grassland;ocean;ocean;c_grassland;c_grassland;c_grassland;c_grassland;c_grassland;ocean;c_grassland;c_grassland;ocean;c_grassland;ocean;c_grassland;grassland;grassland;grassland;grassland;steppe;mountain;grassland;grassland;grassland;steppe;c_steppe;c_steppe;c_steppe;ocean;ocean;c_steppe;steppe;steppe;grassland;grassland;grassland;forest;grassland;c_grassland;c_grassland;c_grassland;grassland;grassland;c_grassland;ocean;ocean;ocean;ocean
33;ocean;ocean;ocean;ocean;ocean;ocean;ocean;c_grassland;grassland;forest;forest;forest;c_steppe;c_steppe;c_grassland;c_grassland;ocean;ocean;c_grassland;c_grassland;c_grassland;c_grassland;grassland;grassland;c_grassland;c_grassland;c_grassland;c_grassland;c_grassland;c_grassland;c_grassland;c_grassland;grassland;grassland;grassland;grassland;steppe;steppe;grassland;grassland;steppe;steppe;steppe;steppe;c_steppe;ocean;c_steppe;steppe;steppe;steppe;grassland;forest;forest;c_forest;c_grassland;ocean;c_grassland;grassland;grassland;c_grassland;ocean;ocean;ocean;ocean;ocean
34;ocean;ocean;ocean;ocean;ocean;ocean;ocean;ocean;c_grassland;grassland;forest;forest;forest;steppe;grassland;grassland;c_grassland;ocean;c_grassland;c_grassland;c_grassland;grassland;grassland;grassland;c_grassland;ocean;c_grassland;ocean;c_grassland;grassland;grassland;c_grassland;c_grassland;grassland;grassland;grassland;grassland;steppe;grassland;grassland;grassland;steppe;steppe;steppe;c_steppe;ocean;ocean;c_steppe;c_steppe;c_steppe;c_grassland;forest;c_forest;c_forest;ocean;ocean;ocean;c_grassland;c_grassland;c_grassland;ocean;ocean;ocean;ocean;ocean
35;ocean;ocean;ocean;ocean;ocean;ocean;ocean;ocean;c_grassland;c_grassland;c_grassland;grassland;forest;steppe;grassland;c_grassland;ocean;c_grassland;grassland;forest;forest;grassland;grassland;swamp;c_swamp;ocean;ocean;c_grassland;grassland;grassland;grassland;c_grassland;c_grassland;c_grassland;grassland;grassland;grassland;steppe;grassland;steppe;steppe;steppe;steppe;grassland;c_grassland;ocean;ocean;ocean;ocean;ocean;c_forest;c_forest;c_forest;ocean;ocean;ocean;ocean;ocean;ocean;ocean;ocean;ocean;ocean;ocean;ocean
36;ocean;ocean;ocean;ocean;ocean;ocean;ocean;ocean;ocean;c_grassland;c_grassland;c_grassland;grassland;forest;steppe;c_grassland;ocean;ocean;c_forest;forest;forest;mountain;grassland;grassland;swamp;c_swamp;ocean;c_grassland;c_grassland;grassland;grassland;c_grassland;ocean;c_grassland;c_grassland;grassland;grassland;steppe;grassland;forest;grassland;steppe;steppe;grassland;grassland;c_grassland;ocean;ocean;ocean;ocean;ocean;ocean;ocean;ocean;ocean;ocean;ocean;ocean;ocean;ocean;ocean;ocean;ocean;ocean;ocean
37;ocean;ocean;ocean;ocean;ocean;ocean;ocean;ocean;ocean;c_grassland;c_grassland;c_grassland;grassland;grassland;grassland;c_grassland;c_forest;c_forest;forest;forest;mountain;forest;c_forest;c_swamp;c_swamp;ocean;c_grassland;grassland;grassland;steppe;grassland;c_grassland;c_grassland;grassland;grassland;grassland;grassland;grassland;grassland;forest;grassland;grassland;grassland;forest;forest;c_forest;c_forest;ocean;ocean;ocean;ocean;ocean;ocean;ocean;ocean;ocean;ocean;ocean;ocean;ocean;ocean;ocean;ocean;ocean;ocean
38;ocean;ocean;ocean;ocean;ocean;ocean;ocean;ocean;ocean;c_grassland;grassland;c_grassland;c_grassland;c_grassland;c_grassland;c_grassland;c_forest;forest;forest;forest;mountain;grassland;c_steppe;c_steppe;c_mountain;ocean;c_grassland;grassland;steppe;steppe;steppe;c_grassland;c_grassland;grassland;grassland;grassland;grassland;grassland;grassland;forest;forest;grassland;forest;forest;forest;forest;forest;forest;c_forest;ocean;ocean;ocean;ocean;ocean;ocean;ocean;ocean;ocean;ocean;ocean;ocean;ocean;ocean;ocean;ocean
39;ocean;ocean;ocean;ocean;ocean;ocean;ocean;ocean;c_grassland;grassland;grassland;c_grassland;ocean;ocean;ocean;c_forest;forest;forest;forest;mountain;grassland;steppe;steppe;steppe;c_steppe;c_steppe;grassland;steppe;steppe;steppe;steppe;c_grassland;c_grassland;steppe;steppe;grassland;grassland;grassland;grassland;forest;forest;forest;forest;forest;forest;forest;forest;forest;c_forest;ocean;ocean;ocean;ocean;ocean;ocean;ocean;ocean;ocean;ocean;ocean;ocean;ocean;ocean;ocean;ocean
40;ocean;ocean;ocean;ocean;ocean;ocean;ocean;ocean;ocean;c_grassland;grassland;c_grassland;c_grassland;ocean;ocean;c_grassland;c_forest;forest;forest;forest;mountain;steppe;steppe;mountain;mountain;mountain;mountain;steppe;steppe;steppe;steppe;steppe;c_steppe;steppe;steppe;steppe;grassland;grassland;grassland;forest;forest;forest;forest;forest;forest;forest;forest;forest;forest;c_grassland;ocean;ocean;ocean;ocean;ocean;ocean;ocean;ocean;ocean;ocean;ocean;ocean;ocean;ocean;ocean
41;ocean;ocean;ocean;ocean;ocean;ocean;ocean;ocean;c_grassland;grassland;c_grassland;c_grassland;c_grassland;ocean;c_grassland;grassland;grassland;forest;forest;grassland;grassland;mountain;mountain;mountain;steppe;steppe;steppe;steppe;steppe;steppe;steppe;steppe;steppe;steppe;steppe;steppe;steppe;grassland;grassland;forest;forest;forest;forest;forest;forest;forest;forest;forest;forest;c_forest;ocean;ocean;ocean;ocean;ocean;ocean;ocean;ocean;ocean;ocean;ocean;ocean;ocean;ocean;ocean
42;ocean;ocean;ocean;ocean;ocean;ocean;ocean;ocean;ocean;c_grassland;c_grassland;c_grassland;grassland;c_grassland;c_grassland;grassland;grassland;grassland;grassland;steppe;grassland;mountain;mountain;steppe;steppe;steppe;steppe;steppe;steppe;steppe;steppe;steppe;steppe;steppe;steppe;steppe;steppe;steppe;grassland;grassland;forest;forest;forest;forest;forest;forest;forest;forest;forest;forest;c_forest;ocean;ocean;ocean;ocean;ocean;ocean;ocean;ocean;ocean;ocean;ocean;ocean;ocean;ocean
43;ocean;ocean;ocean;ocean;ocean;ocean;ocean;ocean;ocean;ocean;ocean;c_grassland;c_grassland;ocean;c_grassland;grassland;grassland;steppe;steppe;mountain;mountain;mountain;steppe;steppe;steppe;steppe;steppe;steppe;steppe;steppe;steppe;steppe;steppe;steppe;steppe;steppe;steppe;steppe;grassland;grassland;grassland;grassland;forest;forest;forest;forest;forest;forest;c_forest;c_forest;ocean;ocean;ocean;ocean;ocean;ocean;ocean;ocean;ocean;ocean;ocean;ocean;ocean;ocean;ocean
44;ocean;ocean;ocean;ocean;ocean;ocean;ocean;ocean;ocean;ocean;ocean;ocean;ocean;ocean;ocean;c_grassland;steppe;steppe;steppe;steppe;mountain;mountain;steppe;steppe;steppe;steppe;steppe;steppe;steppe;steppe;steppe;steppe;steppe;steppe;steppe;steppe;steppe;steppe;steppe;steppe;steppe;grassland;grassland;grassland;c_forest;forest;forest;forest;c_forest;ocean;c_forest;ocean;ocean;ocean;ocean;ocean;ocean;ocean;ocean;ocean;ocean;ocean;ocean;ocean;ocean
45;ocean;ocean;ocean;ocean;ocean;ocean;ocean;ocean;ocean;ocean;ocean;ocean;ocean;ocean;c_steppe;steppe;steppe;steppe;steppe;steppe;steppe;steppe;steppe;steppe;steppe;steppe;steppe;steppe;steppe;steppe;steppe;steppe;steppe;steppe;steppe;steppe;steppe;steppe;steppe;steppe;steppe;c_grassland;c_grassland;c_grassland;c_forest;c_grassland;forest;forest;ocean;ocean;ocean;ocean;ocean;ocean;ocean;ocean;ocean;ocean;ocean;ocean;ocean;ocean;ocean;ocean;ocean
46;ocean;ocean;ocean;ocean;ocean;ocean;ocean;ocean;ocean;ocean;ocean;ocean;ocean;ocean;c_steppe;c_steppe;steppe;steppe;steppe;steppe;steppe;steppe;steppe;steppe;steppe;steppe;steppe;steppe;steppe;steppe;steppe;steppe;steppe;steppe;steppe;steppe;steppe;steppe;steppe;steppe;steppe;c_steppe;ocean;ocean;ocean;ocean;c_forest;c_forest;ocean;ocean;ocean;ocean;ocean;ocean;ocean;ocean;ocean;ocean;ocean;ocean;ocean;ocean;ocean;ocean;ocean
47;ocean;ocean;ocean;ocean;ocean;ocean;ocean;ocean;ocean;ocean;ocean;ocean;ocean;ocean;c_steppe;steppe;steppe;c_steppe;c_steppe;steppe;steppe;steppe;steppe;steppe;steppe;steppe;steppe;steppe;steppe;steppe;steppe;steppe;steppe;steppe;steppe;steppe;steppe;steppe;steppe;steppe;c_steppe;ocean;ocean;ocean;ocean;ocean;ocean;ocean;ocean;ocean;ocean;ocean;ocean;ocean;ocean;ocean;ocean;ocean;ocean;ocean;ocean;ocean;ocean;ocean;ocean
48;ocean;ocean;ocean;ocean;ocean;ocean;ocean;ocean;ocean;ocean;ocean;ocean;ocean;ocean;c_steppe;c_steppe;c_steppe;c_steppe;ocean;c_steppe;steppe;c_steppe;c_steppe;steppe;steppe;steppe;steppe;steppe;steppe;steppe;steppe;steppe;steppe;steppe;steppe;steppe;steppe;steppe;c_steppe;c_steppe;c_steppe;ocean;ocean;ocean;ocean;ocean;ocean;ocean;ocean;ocean;ocean;ocean;ocean;ocean;ocean;ocean;ocean;ocean;ocean;ocean;ocean;ocean;ocean;ocean;ocean
49;ocean;ocean;ocean;ocean;ocean;ocean;ocean;ocean;ocean;ocean;ocean;ocean;ocean;ocean;ocean;ocean;ocean;ocean;c_steppe;c_steppe;c_steppe;ocean;c_steppe;steppe;steppe;steppe;steppe;steppe;steppe;steppe;steppe;steppe;steppe;steppe;steppe;steppe;steppe;c_steppe;ocean;ocean;ocean;ocean;ocean;ocean;ocean;ocean;ocean;ocean;ocean;ocean;ocean;ocean;ocean;ocean;ocean;ocean;ocean;ocean;ocean;ocean;ocean;ocean;ocean;ocean;ocean
50;ocean;ocean;ocean;ocean;ocean;ocean;ocean;ocean;ocean;ocean;ocean;ocean;ocean;c_glacier;c_glacier;c_glacier;c_glacier;c_glacier;c_glacier;c_glacier;ocean;ocean;c_glacier;c_steppe;glacier;glacier;glacier;glacier;glacier;glacier;glacier;glacier;glacier;glacier;glacier;glacier;glacier;c_glacier;ocean;ocean;ocean;ocean;ocean;ocean;ocean;ocean;ocean;ocean;ocean;ocean;ocean;ocean;ocean;ocean;ocean;ocean;ocean;ocean;ocean;ocean;ocean;ocean;ocean;ocean;ocean
51;ocean;ocean;ocean;ocean;ocean;ocean;ocean;ocean;ocean;ocean;ocean;c_glacier;c_glacier;glacier;glacier;glacier;glacier;glacier;glacier;c_glacier;c_glacier;c_glacier;c_glacier;c_glacier;glacier;glacier;glacier;glacier;glacier;glacier;glacier;glacier;glacier;glacier;glacier;glacier;c_glacier;ocean;c_glacier;ocean;ocean;ocean;ocean;ocean;ocean;ocean;ocean;ocean;ocean;ocean;ocean;ocean;ocean;ocean;ocean;ocean;ocean;ocean;ocean;ocean;ocean;ocean;ocean;ocean;ocean
52;ocean;ocean;ocean;ocean;ocean;ocean;ocean;ocean;ocean;ocean;ocean;c_glacier;glacier;glacier;glacier;glacier;glacier;glacier;glacier;glacier;glacier;glacier;c_glacier;glacier;glacier;glacier;glacier;glacier;glacier;glacier;glacier;glacier;glacier;glacier;glacier;glacier;glacier;c_glacier;c_glacier;c_glacier;c_glacier;ocean;ocean;ocean;ocean;ocean;ocean;ocean;ocean;ocean;ocean;ocean;ocean;ocean;ocean;ocean;ocean;ocean;ocean;ocean;ocean;ocean;ocean;ocean;ocean